{
    "show": true,
    "active": false,
    "child_frame": "above_table",
    "parent_frame": "base",
    "transform": {
        "translation": {
            "x": -0.029547509355601687,
            "y": -0.38502684972426826,
            "z": 0.10435430557846326
        },
        "rotation": {
            "x": 0.013646047309135267,
            "y": -0.01923108103943273,
            "z": -0.008344566667390977,
            "w": 0.9996871106111277
        }
    },
    "preferred_joint_configuration": {
        "j0": 0.9966354370117188,
        "j1": -1.207438514833786,
        "j2": 1.4271863142596644,
        "j3": -1.746918340722555,
        "j4": 4.7303056716918945,
        "j5": -3.699440304433004
    }
}