{
    "show": true,
    "active": false,
    "child_frame": "pose_1",
    "parent_frame": "base",
    "transform": {
        "translation": {
            "x": -0.17564283177873308,
            "y": -0.4216700516973434,
            "z": -0.2139625730328083
        },
        "rotation": {
            "x": 0.0003699143192723967,
            "y": -0.0017336974104998255,
            "z": -0.6767816886401615,
            "w": 0.7361816374904067
        }
    },
    "preferred_joint_configuration": {
        "j0": -1.7047231833087366,
        "j1": -2.8728848896422328,
        "j2": -1.5334054231643677,
        "j3": -0.304720477466919,
        "j4": 1.5740629434585571,
        "j5": 4.4944353103637695
    }
}