{
    "show": true,
    "active": false,
    "child_frame": "pose_2",
    "parent_frame": "base",
    "transform": {
        "translation": {
            "x": -0.02440233788816118,
            "y": -0.4192920220707773,
            "z": -0.21393353751642297
        },
        "rotation": {
            "x": 0.0007553317293734537,
            "y": -0.0012790367130610047,
            "z": -0.6769016727301512,
            "w": 0.736071952321367
        }
    },
    "preferred_joint_configuration": {
        "j0": -1.2835877577411097,
        "j1": -2.8343025646605433,
        "j2": -1.781369686126709,
        "j3": -0.09529943883929448,
        "j4": 1.5734072923660278,
        "j5": 4.915895462036133
    }
}